,TRB_cdr3,TRB_v_gene,TRB_d_gene,TRB_j_gene,TRA_cdr3,TRA_v_gene,TRA_d_gene,TRA_j_gene,Clonality,pmhc_code,id,binds,TCR_id,labels,preds,cluster
2225,CSARDETGNTIYF,TRBV20-1,na,TRBJ1-3,CAEDNNARLMF,TRAV5,na,TRAJ31,na,GLCTLVAML_BMLF1_EBV_binders,GLCTLVAML,1,2225,1,0.9999988,2.0
2232,CSARDRTGNGYTF,TRBV20-1,na,TRBJ1-2,CAEDNNARLMF,TRAV5,na,TRAJ31,na,GLCTLVAML_BMLF1_EBV_binders,GLCTLVAML,1,2232,1,0.9999871,2.0
2249,CSARDRVGNTIYF,TRBV20-1,na,TRBJ1-3,CAEDSNARLMF,TRAV5,na,TRAJ31,na,GLCTLVAML_BMLF1_EBV_binders,GLCTLVAML,1,2249,1,0.9999993,2.0
2254,CSARSRVGNTIYF,TRBV20-1,na,TRBJ1-3,CAEDSNARLMF,TRAV5,na,TRAJ31,na,GLCTLVAML_BMLF1_EBV_binders,GLCTLVAML,1,2254,1,0.9999994,2.0
2260,CSARSETGNTIYF,TRBV20-1,na,TRBJ1-3,CAEDNNARLMF,TRAV5,na,TRAJ31,na,GLCTLVAML_BMLF1_EBV_binders,GLCTLVAML,1,2260,1,0.9999989,2.0
2263,CSARDRVGNTIYF,TRBV20-1,na,TRBJ1-3,CAEDSNARLMF,TRAV4,na,TRAJ31,na,GLCTLVAML_BMLF1_EBV_binders,GLCTLVAML,1,2263,1,0.9999972,2.0
2268,CSARSRVGNTIYF,TRBV20-1,na,TRBJ1-3,CVVSDVNTDKLIF,TRAV8-2,na,TRAJ34,na,GLCTLVAML_BMLF1_EBV_binders,GLCTLVAML,1,2268,1,0.99949414,2.0
2270,CSARDRTGNGYTF,TRBV20-1,na,TRBJ1-2,CAEDNNARLMF,TRAV4,na,TRAJ31,na,GLCTLVAML_BMLF1_EBV_binders,GLCTLVAML,1,2270,1,0.9999528,2.0
2275,CSARDRVGNTIYF,TRBV20-1,na,TRBJ1-3,CAVGLFNFNKFYF,TRAV8-3,na,TRAJ21,na,GLCTLVAML_BMLF1_EBV_binders,GLCTLVAML,1,2275,1,0.99527544,2.0
2285,CSARDRTGNGYTF,TRBV20-1,na,TRBJ1-2,CAMTVYNNNDMRF,TRAV12-3,na,TRAJ43,na,GLCTLVAML_BMLF1_EBV_binders,GLCTLVAML,1,2285,1,0.9943097,2.0
2288,CSARDRVGNTIYF,TRBV20-1,na,TRBJ1-3,CAVRADSGAGSYQLTF,TRAV1-2,na,TRAJ28,na,GLCTLVAML_BMLF1_EBV_binders,GLCTLVAML,1,2288,1,0.9993388,2.0
2292,CSARDRVGNTIYF,TRBV20-1,na,TRBJ1-3,CAGMNRDDKIIF,TRAV27,na,TRAJ30,na,GLCTLVAML_BMLF1_EBV_binders,GLCTLVAML,1,2292,1,0.99895555,2.0
2298,CSARVGVGNTIYF,TRBV20-1,na,TRBJ1-3,CAEDNNARLMF,TRAV5,na,TRAJ31,na,GLCTLVAML_BMLF1_EBV_binders,GLCTLVAML,1,2298,1,0.9999938,2.0
2308,CSARIGVGNTIYF,TRBV20-1,na,TRBJ1-3,CAEDNNARLMF,TRAV5,na,TRAJ31,na,GLCTLVAML_BMLF1_EBV_binders,GLCTLVAML,1,2308,1,0.99999857,2.0
2320,CSARVGVGNTIYF,TRBV20-1,na,TRBJ1-3,CLVGSLYNNNDMRF,TRAV4,na,TRAJ43,na,GLCTLVAML_BMLF1_EBV_binders,GLCTLVAML,1,2320,1,0.9987776,2.0
2329,CSARDRTGNGYTF,TRBV20-1,na,TRBJ1-2,CAFMKGAGGTSYGKLTF,TRAV38-1,na,TRAJ52,na,GLCTLVAML_BMLF1_EBV_binders,GLCTLVAML,1,2329,1,0.9986,2.0
